mode,split,model,n_features,roc_auc,ap,recall@100,recall@500,recall@1000,test_incident_rate,n_test,n_test_incidents
pre_trip,random_split,dummy,10,0.5,0.0019903992506732234,0.0,0.029411764705882353,0.029411764705882353,0.0019903992506732234,17082,34
pre_trip,random_split,logreg,10,0.46379944516520827,0.00192048538068429,0.0,0.0,0.029411764705882353,0.0019903992506732234,17082,34
pre_trip,time_split,dummy,10,0.5,0.002107481559536354,0.0,0.08333333333333333,0.08333333333333333,0.002107481559536354,17082,36
pre_trip,time_split,logreg,10,0.5446830145879776,0.0028562807949607926,0.027777777777777776,0.027777777777777776,0.08333333333333333,0.002107481559536354,17082,36
